Position,Most_Common_Char,Mainstream_Percentage,Non_Mainstream_Percentage
0,S,1.0,0.0
1,K,0.976856969653746,0.02314303034625398
2,G,0.9967906429411975,0.003209357058802542
3,E,0.9820276004707057,0.017972399529294303
4,E,0.9864493813072781,0.013550618692721894
5,L,0.9856470420425775,0.01435295795742253
6,F,0.9698855329315694,0.030114467068430573
7,T,0.9826159825981529,0.01738401740184714
8,G,0.9960061334379346,0.003993866562065351
9,V,0.9860571265556467,0.013942873444353299
10,V,0.9869129551046607,0.013087044895339295
11,P,0.9970402596013266,0.002959740398673416
12,I,0.9809043255001249,0.019095674499875148
13,L,0.9877152943693613,0.01228470563063866
14,V,0.9889990371928824,0.011000962807117598
15,E,0.9849695111079414,0.015030488892058602
16,L,0.9886424419641265,0.01135755803587346
17,D,0.9834896409086047,0.01651035909139531
18,G,0.9971294084085155,0.002870591591484506
19,D,0.9859323182255821,0.014067681774417862
20,V,0.9914060549869843,0.008593945013015691
21,N,0.9728096138073673,0.0271903861926327
22,G,0.9963805584281282,0.003619441571871773
23,H,0.9824555147452128,0.017544485254787245
24,K,0.977035267268124,0.022964732731876047
25,F,0.9806903683628713,0.019309631637128732
26,S,0.9821880683236458,0.017811931676354198
27,V,0.9862710836929002,0.013728916307099825
28,S,0.9858966587027066,0.014103341297293404
29,G,0.9970402596013266,0.002959740398673416
30,E,0.9847555539706879,0.015244446029312075
31,G,0.9975751524444603,0.002424847555539733
32,E,0.9839532147059873,0.01604678529401271
33,G,0.9975394929215847,0.002460507078415275
34,D,0.9815283671504476,0.018471632849552444
35,A,0.9972007274542667,0.002799272545733311
36,T,0.9821345790393324,0.017865420960667566
37,Y,0.9819919409478302,0.018008059052169845
38,G,0.9968976215098242,0.0031023784901758056
39,K,0.9770887565524373,0.02291124344756268
40,L,0.9897300574118318,0.010269942588168157
41,T,0.9835609599543558,0.016439040045644226
42,L,0.9912812466569197,0.008718753343080254
43,K,0.9778732660557001,0.02212673394429987
44,F,0.9724530185786114,0.02754698142138856
45,I,0.9734871447420034,0.026512855257996626
46,C,0.9863245729772135,0.013675427022786457
47,T,0.9838462361373604,0.01615376386263956
48,T,0.9868238062974718,0.013176193702528205
49,G,0.9972185572157044,0.0027814427842955958
50,K,0.9741468459152016,0.02585315408479838
51,L,0.9899975038333987,0.010002496166601316
52,P,0.9968976215098242,0.0031023784901758056
53,V,0.988000570552366,0.011999429447633991
54,P,0.9976643012516493,0.002335698748350712
55,W,0.9884641443497486,0.011535855650251392
56,P,0.996487536996755,0.0035124630032450366
57,T,0.9868238062974718,0.013176193702528205
58,L,0.9890881860000713,0.010911813999928688
59,V,0.9861819348857113,0.013818065114288736
60,T,0.9793709660164747,0.020629033983525336
61,T,0.9876796348464858,0.012320365153514201
62,L,0.9877152943693613,0.01228470563063866
63,S,0.9877152943693613,0.01228470563063866
64,Y,0.9887494205327533,0.011250579467246724
65,G,0.996309239382377,0.003690760617622968
66,V,0.9777484577256357,0.022251542274364322
67,Q,0.9892129943301359,0.010787005669864125
68,C,0.9888742288628178,0.011125771137182161
69,F,0.9732910173661876,0.026708982633812384
70,S,0.9826516421210284,0.0173483578789716
71,R,0.9938843918268374,0.00611560817316259
72,Y,0.986716827728845,0.013283172271155053
73,P,0.9965588560425062,0.003441143957493842
74,D,0.9843454694576187,0.015654530542381306
75,H,0.9846129158791855,0.015387084120814465
76,M,0.9768391398923082,0.023160860107691805
77,K,0.9711514459936526,0.02884855400634745
78,Q,0.9821880683236458,0.017811931676354198
79,H,0.9838818956602361,0.016118104339763906
80,D,0.989462610990265,0.010537389009734999
81,F,0.9789608815034054,0.021039118496594567
82,F,0.9732375280818742,0.026762471918125752
83,K,0.9841315123203651,0.01586848767963489
84,S,0.9890525264771958,0.01094747352280423
85,A,0.9955603894019898,0.004439610598010235
86,M,0.9756445458759762,0.024355454124023845
87,P,0.9957743465392433,0.004225653460756651
88,E,0.9811361123988162,0.01886388760118385
89,G,0.9978069393431516,0.0021930606568484334
90,Y,0.9876083158007346,0.012391684199265396
91,V,0.983721427807296,0.01627857219270401
92,Q,0.9900866526405877,0.009913347359412295
93,E,0.9861819348857113,0.013818065114288736
94,R,0.9955069001176764,0.0044930998823236035
95,T,0.9816888350033877,0.01831116499661234
96,I,0.9785507969903363,0.021449203009663687
97,F,0.9675498341832186,0.032450165816781396
98,F,0.9745747601897087,0.025425239810291322
99,K,0.973950718539386,0.026049281460614027
100,D,0.9844702777876831,0.015529722212316854
101,D,0.987572656277859,0.012427343722141049
102,G,0.9966658346111329,0.0033341653888671052
103,N,0.9725599971472382,0.027440002852761824
104,Y,0.987144742003352,0.012855257996647995
105,K,0.9713654031309061,0.028634596869093865
106,T,0.9858609991798309,0.014139000820169056
107,R,0.9947402203758514,0.005259779624148586
108,A,0.9966480048496951,0.0033519951503049317
109,E,0.9870912527190386,0.012908747280961363
110,V,0.9869842741504119,0.0130157258495881
111,K,0.9691010234283065,0.030898976571693493
112,F,0.9784259886602718,0.02157401133972825
113,E,0.9868772955817852,0.013122704418214837
114,G,0.9971115786470777,0.0028884213529223324
115,D,0.9811361123988162,0.01886388760118385
116,T,0.9820097707092679,0.01799022929073213
117,L,1.0,0.0
118,V,1.0,0.0
119,N,0.9671397496701494,0.03286025032985063
120,R,0.9954355810719253,0.004564418928074687
121,I,0.9774810113040687,0.022518988695931275
122,E,0.9856470420425775,0.01435295795742253
123,L,0.9912634168954819,0.00873658310451808
124,K,0.9757693542060407,0.024230645793959282
125,G,0.9973968548300823,0.0026031451699176644
126,I,0.9677994508433477,0.03220054915665227
127,D,0.984238490888992,0.015761509111008043
128,F,0.9718289769282887,0.028171023071711265
129,K,0.9762329280034233,0.023767071996576683
130,E,0.9850408301536926,0.014959169846307407
131,D,0.9827407909282174,0.017259209071782577
132,G,0.9956851977320543,0.004314802267945672
133,N,0.9731840387975609,0.02681596120243912
134,I,0.9762329280034233,0.023767071996576683
135,L,0.9886602717255644,0.011339728274435634
136,G,0.9958456655849944,0.004154334415005567
137,H,0.9827942802125308,0.01720571978746921
138,K,0.9752701208857826,0.024729879114217423
139,L,0.9904967371536569,0.009503262846343064
140,E,0.9829904075883464,0.017009592411653562
141,Y,0.9839532147059873,0.01604678529401271
142,N,0.968031237742039,0.03196876225796097
143,Y,0.9814392183432585,0.018560781656741465
144,N,0.9715615305067218,0.028438469493278218
145,S,0.9815461969118853,0.01845380308811473
146,H,0.9855400634739507,0.014459936526049266
147,N,0.9709196590949614,0.029080340905038637
148,V,0.9832756837713511,0.016724316228648894
149,Y,0.9819741111863923,0.01802588881360767
150,I,0.9827229611667796,0.017277038833220404
151,M,0.9683521734479192,0.03164782655208076
152,A,0.9957921763006811,0.0042078236993189355
153,D,0.9849695111079414,0.015030488892058602
154,K,0.9710088079021503,0.028991192097849727
155,Q,0.9811182826373783,0.018881717362621675
156,K,0.9695111079413757,0.030488892058624262
157,N,0.968797917483864,0.031202082516135987
158,G,0.9951503048889205,0.004849695111079466
159,I,0.9732018685589987,0.026798131441001294
160,K,0.9769817779838106,0.023018222016189416
161,V,0.980030667189673,0.01996933281032698
162,N,0.9619334593303142,0.038066540669685844
163,F,0.970598723389081,0.02940127661091896
164,K,0.9718289769282887,0.028171023071711265
165,I,0.97343365545769,0.026566344542309994
166,R,0.9938665620653996,0.006133437934600416
167,H,0.9838818956602361,0.016118104339763906
168,N,0.9700816603073851,0.029918339692614926
169,I,0.9702064686374496,0.029793531362550363
170,E,0.981064793353065,0.018935206646935043
171,D,0.9838997254216738,0.01610027457832619
172,G,0.9951859644117962,0.004814035588203813
173,S,0.9806903683628713,0.019309631637128732
174,V,0.9784616481831473,0.021538351816852708
175,Q,0.9832756837713511,0.016724316228648894
176,L,0.9837392575687337,0.016260742431266295
177,A,0.9962914096209393,0.0037085903790606833
178,D,0.9850051706308169,0.01499482936918306
179,H,0.9890881860000713,0.010911813999928688
180,Y,0.983721427807296,0.01627857219270401
181,Q,0.9896765681275185,0.010323431872481525
182,Q,0.9832756837713511,0.016724316228648894
183,N,0.9734871447420034,0.026512855257996626
184,T,0.9829012587811575,0.017098741218842473
185,P,0.995970473915059,0.004029526084941004
186,I,0.9781585422387048,0.021841457761295202
187,G,0.9962557500980637,0.0037442499019363362
188,D,0.9816175159576365,0.018382484042363534
189,G,0.9954177513104875,0.004582248689512514
190,P,0.9960061334379346,0.003993866562065351
191,V,0.9835074706700424,0.016492529329957595
192,L,0.9844702777876831,0.015529722212316854
193,L,0.9841493420818029,0.015850657918197064
194,P,0.9970046000784509,0.002995399921549069
195,D,0.9821345790393324,0.017865420960667566
196,N,0.9685126413008593,0.031487358699140655
197,H,0.9904789073922191,0.00952109260778089
198,Y,0.9845415968334343,0.01545840316656566
199,L,0.9893199728987626,0.010680027101237388
200,S,0.9818671326177656,0.018132867382234408
201,T,0.9846485754020611,0.015351424597938923
202,Q,0.9860927860785222,0.013907213921477757
203,S,0.9882145276896195,0.011785472310380518
204,A,0.9955069001176764,0.0044930998823236035
205,L,0.9896409086046428,0.010359091395357178
206,S,0.9831865349641622,0.016813465035837805
207,K,0.9738259102093214,0.02617408979067859
208,D,0.9902471204935278,0.00975287950647219
209,P,0.9955069001176764,0.0044930998823236035
210,N,0.9754484185001605,0.024551581499839492
211,E,0.990318439539279,0.009681560460720995
212,K,0.9682630246407303,0.03173697535926967
213,R,0.9955069001176764,0.0044930998823236035
214,D,0.9836144492386691,0.016385550761330858
215,H,0.9896943978889563,0.010305602111043699
216,M,0.9771957351210641,0.022804264878935943
217,V,0.9875191669935456,0.012480833006454417
218,L,0.9904432478693435,0.009556752130656543
219,L,0.9880362300752416,0.01196376992475845
220,E,0.9884819741111864,0.011518025888813566
221,F,0.9723460400099847,0.027653959990015298
222,V,0.9848447027778768,0.015155297222123165
223,T,0.9818671326177656,0.018132867382234408
224,A,0.9961309417679991,0.0038690582320008993
225,A,0.994597582284349,0.005402417715650976
226,G,0.9945797525229112,0.005420247477088802
227,I,0.966747494918518,0.03325250508148203
228,T,0.9851121491994437,0.014887850800556324
229,H,0.9827407909282174,0.017259209071782577
230,G,0.994775879898727,0.005224120101273044
231,M,0.9681738758335413,0.03182612416645869
232,D,0.9816710052419498,0.018328994758050166
233,E,0.983453981385729,0.016546018614270963
234,L,0.9855400634739507,0.014459936526049266
235,Y,0.9840423635131762,0.0159576364868238
236,K,1.0,0.0
