Position,Reference_Char,Mutation_Percentage
0,S,0.0
1,K,0.02314303034625397
2,G,0.003209357058802553
3,E,0.0179723995292943
4,E,0.01355061869272189
5,L,0.01435295795742253
6,F,0.030114467068430625
7,T,0.017384017401847165
8,G,0.0039938665620654
9,V,0.013942873444353314
10,V,0.0130870448953393
11,P,0.0029597403986734655
12,I,0.019095674499875193
13,L,0.012284705630638663
14,V,0.011000962807117641
15,E,0.015030488892058625
16,L,0.01135755803587348
17,D,0.01651035909139536
18,G,0.002870591591484506
19,D,0.014067681774417858
20,V,0.008593945013015726
21,N,0.027190386192632744
22,G,0.0036194415718717684
23,H,0.01754448525478729
24,K,0.022964732731876047
25,F,0.019309631637128694
26,S,0.01781193167635417
27,V,0.013728916307099812
28,S,0.014103341297293442
29,G,0.0029597403986734655
30,E,0.015244446029312127
31,G,0.002424847555539707
32,E,0.016046785294012766
33,G,0.002460507078415291
34,D,0.018471632849552472
35,A,0.002799272545733338
36,T,0.017865420960667545
37,Y,0.018008059052169883
38,G,0.0031023784901758012
39,K,0.022911243447562672
40,L,0.010269942588168171
41,T,0.01643904004564419
42,L,0.00871875334308027
43,K,0.022126733944299825
44,F,0.027546981421388582
45,I,0.026512855257996647
46,C,0.013675427022786435
47,T,0.016153763862639517
48,T,0.01317619370252826
49,G,0.0027814427842955463
50,K,0.025853154084798345
51,L,0.010002496166601291
52,P,0.0031023784901758012
53,V,0.011999429447633991
54,P,0.002335698748350747
55,W,0.011535855650251399
56,P,0.0035124630032450166
57,T,0.01317619370252826
58,L,0.010911813999928681
59,V,0.01381806511428877
60,T,0.0206290339835253
61,T,0.012320365153514246
62,L,0.012284705630638663
63,S,0.012284705630638663
64,Y,0.011250579467246728
65,G,0.0036907606176229363
66,V,0.02225154227436437
67,Q,0.010787005669864137
68,C,0.011125771137182185
69,F,0.02670898263381236
70,S,0.017348357878971578
71,R,0.006115608173162643
72,Y,0.013283172271155013
73,P,0.0034411439574938488
74,D,0.015654530542381345
75,H,0.015387084120814463
76,M,0.02316086010769176
77,K,0.028848554006347397
78,Q,0.01781193167635417
79,H,0.016118104339763933
80,D,0.010537389009735049
81,F,0.021039118496594515
82,F,0.026762471918125735
83,K,0.015868487679634845
84,S,0.010947473522804264
85,A,0.004439610598010199
86,M,0.02435545412402382
87,P,0.004225653460756695
88,E,0.018863887601183897
89,G,0.0021930606568484113
90,Y,0.012391684199265413
91,V,0.016278572192704063
92,Q,0.009913347359412331
93,E,0.01381806511428877
94,R,0.004493099882323575
95,T,0.018311164996612346
96,I,0.02144920300966373
97,F,0.032450165816781375
98,F,0.02542523981029134
99,K,0.026049281460614058
100,D,0.015529722212316799
101,D,0.012427343722140998
102,G,0.003334165388867097
103,N,0.02744000285276183
104,Y,0.012855257996648006
105,K,0.028634596869093892
106,T,0.014139000820169027
107,R,0.005259779624148629
108,A,0.0033519951503048887
109,E,0.01290874728096138
110,V,0.013015725849588133
111,K,0.030898976571693472
112,F,0.021574011339728274
113,E,0.013122704418214884
114,G,0.002888421352922298
115,D,0.018863887601183897
116,T,0.01799022929073209
117,L,0.0
118,V,0.0
119,N,0.032860250329850585
120,R,0.004564418928074743
121,I,0.022518988695931247
122,E,0.01435295795742253
123,L,0.008736583104518062
124,K,0.024230645793959275
125,G,0.0026031451699176267
126,I,0.03220054915665228
127,D,0.015761509111008095
128,F,0.0281710230717113
129,K,0.023767071996576686
130,E,0.014959169846307456
131,D,0.01725920907178262
132,G,0.004314802267945655
133,N,0.02681596120243911
134,I,0.023767071996576686
135,L,0.011339728274435688
136,G,0.004154334415005527
137,H,0.017205719787469244
138,K,0.02472987911421745
139,L,0.009503262846343116
140,E,0.01700959241165353
141,Y,0.016046785294012766
142,N,0.03196876225796099
143,Y,0.018560781656741434
144,N,0.02843846949327818
145,S,0.01845380308811468
146,H,0.014459936526049282
147,N,0.02908034090503869
148,V,0.01672431622864886
149,Y,0.018025888813607675
150,I,0.01727703883322041
151,M,0.03164782655208073
152,A,0.004207823699318903
153,D,0.015030488892058625
154,K,0.02899119209784973
155,Q,0.01888171736262169
156,K,0.030488892058624255
157,N,0.031202082516135935
158,G,0.004849695111079414
159,I,0.026798131441001318
160,K,0.023018222016189423
161,V,0.019969332810327
162,N,0.03806654066968584
163,F,0.029401276610918944
164,K,0.0281710230717113
165,I,0.026566344542310025
166,R,0.006133437934600435
167,H,0.016118104339763933
168,N,0.029918339692614912
169,I,0.02979353136255037
170,E,0.018935206646935064
171,D,0.01610027457832614
172,G,0.00481403558820383
173,S,0.019309631637128694
174,V,0.02153835181685269
175,Q,0.01672431622864886
176,L,0.01626074243126627
177,A,0.003708590379060728
178,D,0.01499482936918304
179,H,0.010911813999928681
180,Y,0.016278572192704063
181,Q,0.010323431872481546
182,Q,0.01672431622864886
183,N,0.026512855257996647
184,T,0.017098741218842493
185,P,0.004029526084940983
186,I,0.021841457761295154
187,G,0.003744249901936312
188,D,0.018382484042363513
189,G,0.0045822486895125344
190,P,0.0039938665620654
191,V,0.016492529329957564
192,L,0.015529722212316799
193,L,0.015850657918197054
194,P,0.0029953999215490495
195,D,0.017865420960667545
196,N,0.03148735869914061
197,H,0.009521092607780907
198,Y,0.015458403166565632
199,L,0.010680027101237385
200,S,0.018132867382234425
201,T,0.01535142459793888
202,Q,0.01390721392147773
203,S,0.011785472310380487
204,A,0.004493099882323575
205,L,0.01035909139535713
206,S,0.016813465035837822
207,K,0.0261740897906786
208,D,0.009752879506472203
209,P,0.004493099882323575
210,N,0.024551581499839534
211,E,0.009681560460721035
212,K,0.03173697535926969
213,R,0.004493099882323575
214,D,0.016385550761330813
215,H,0.010305602111043755
216,M,0.02280426487893592
217,V,0.012480833006454374
218,L,0.009556752130656493
219,L,0.011963769924758406
220,E,0.011518025888813607
221,F,0.027653959990015332
222,V,0.015155297222123169
223,T,0.018132867382234425
224,A,0.003869058232000856
225,A,0.005402417715650964
226,G,0.005420247477088757
227,I,0.03325250508148201
228,T,0.014887850800556289
229,H,0.01725920907178262
230,G,0.005224120101273045
231,M,0.03182612416645865
232,D,0.018328994758050138
233,E,0.016546018614270942
234,L,0.014459936526049282
235,Y,0.015957636486823808
236,K,0.0
